Rank,Player,Team,RECEIVING_REC,RECEIVING_TGT,RECEIVING_YDS,RECEIVING_,Y/R,RECEIVING_LG,RECEIVING_20+,RECEIVING_TD,RUSHING_ATT,RUSHING_YDS,RUSHING_TD,MISC_FL,MISC_G,MISC_FPTS,MISC_FPTS/G,MISC_OWN
1,Michael Thomas ,NO,149,185,1725,11.6,49,17,9,1,-9,0,0,16,374.6,23.4,100.0%
2,Chris Godwin ,TB,86,121,1333,15.5,71,25,9,1,8,0,0,14,276.1,19.7,99.9%
3,Julio Jones ,ATL,99,157,1394,14.1,54,21,6,2,-3,0,0,15,274.1,18.3,99.9%
4,Cooper Kupp ,LAR,94,134,1161,12.4,66,21,10,2,4,0,0,16,270.5,16.9,97.1%
5,DeAndre Hopkins ,ARI,104,150,1165,11.2,43,16,7,2,18,0,0,15,269.5,18.0,100.0%
6,Keenan Allen ,LAC,104,149,1199,11.5,45,15,6,3,16,0,0,16,261.5,16.3,97.3%
7,Julian Edelman ,NE,100,153,1117,11.2,44,13,6,8,27,0,1,16,256.3,16.0,91.3%
8,Allen Robinson ,CHI,98,154,1147,11.7,49,15,7,1,2,0,0,16,254.9,15.9,98.8%
9,Kenny Golladay ,DET,65,116,1190,18.3,75,22,11,0,0,0,1,16,248.0,15.5,99.1%
10,Amari Cooper ,DAL,79,119,1189,15.1,53,17,8,1,6,0,0,16,246.5,15.4,99.3%
11,DeVante Parker ,MIA,72,128,1202,16.7,51,21,9,0,0,0,0,16,246.2,15.4,94.9%
12,Jarvis Landry ,CLE,83,138,1174,14.1,65,20,6,1,10,0,0,16,237.4,14.8,93.3%
13,Tyler Lockett ,SEA,82,110,1057,12.9,44,15,8,4,-5,0,0,16,235.2,14.7,97.4%
14,Robert Woods ,LAR,90,139,1134,12.6,48,14,2,17,115,1,0,15,232.9,15.5,95.2%
15,Mike Evans ,TB,67,118,1157,17.3,67,17,8,0,0,0,0,13,232.7,17.9,99.4%
16,D.J. Moore ,CAR,87,135,1175,13.5,52,13,4,6,40,0,1,15,230.5,15.4,98.3%
17,D.J. Chark ,JAC,73,118,1008,13.8,69,17,8,2,20,0,0,15,225.8,15.1,94.4%
18,Tyler Boyd ,CIN,90,148,1046,11.6,47,12,5,4,23,0,2,16,222.9,13.9,90.9%
19,Courtland Sutton ,DEN,72,124,1112,15.4,70,18,6,3,17,0,0,16,222.4,13.9,97.5%
20,John Brown ,BUF,72,115,1060,14.7,53,17,6,2,7,0,0,15,219.8,14.7,78.3%
21,A.J. Brown ,TEN,52,84,1051,20.2,91,15,8,3,60,1,0,16,217.1,13.6,97.3%
22,Michael Gallup ,DAL,66,113,1107,16.8,62,18,6,0,0,0,0,14,212.7,15.2,91.2%
23,Davante Adams ,GB,83,127,997,12.0,58,12,5,0,0,0,1,12,212.7,17.7,99.9%
24,Stefon Diggs ,BUF,63,94,1130,17.9,66,20,6,5,61,0,3,15,212.1,14.1,95.4%
25,Odell Beckham Jr. ,CLE,74,133,1035,14.0,89,16,4,3,10,0,1,16,201.3,12.6,98.8%
26,Jamison Crowder ,NYJ,78,122,833,10.7,41,11,6,1,4,0,0,16,197.7,12.4,72.2%
27,Calvin Ridley ,ATL,63,93,866,13.7,36,12,7,2,34,0,0,13,197.0,15.2,94.7%
28,Marvin Jones ,DET,62,91,779,12.6,47,12,9,2,0,0,0,13,193.9,14.9,81.6%
29,Terry McLaurin ,WAS,58,93,919,15.8,75,15,7,0,0,0,0,14,191.9,13.7,93.4%
30,Emmanuel Sanders ,NO,66,97,869,13.2,75,11,5,0,0,0,0,17,190.3,11.2,76.7%
31,Deebo Samuel ,SF,57,81,802,14.1,42,17,3,14,159,3,1,15,189.1,12.6,94.4%
32,Tyreek Hill ,KC,58,89,860,14.8,57,11,7,8,23,0,0,12,188.3,15.7,99.9%
33,D.K. Metcalf ,SEA,58,100,900,15.5,54,13,7,2,11,0,3,16,187.1,11.7,95.0%
34,Cole Beasley ,BUF,67,106,778,11.6,51,10,6,0,0,0,0,15,184.8,12.3,14.4%
35,Larry Fitzgerald ,ARI,75,109,804,10.7,54,10,4,0,0,0,1,16,177.4,11.1,26.2%
36,Curtis Samuel ,CAR,54,105,627,11.6,44,8,6,19,130,1,0,16,171.7,10.7,49.9%
37,Darius Slayton ,NYG,48,84,740,15.4,55,12,8,0,0,0,0,14,170.0,12.1,74.6%
38,Christian Kirk ,ARI,68,108,709,10.4,69,6,3,10,93,0,0,13,168.2,12.9,70.3%
39,Diontae Johnson ,PIT,59,92,680,11.5,45,7,5,4,41,0,2,16,163.1,10.2,67.9%
40,Robby Anderson ,CAR,52,96,779,15.0,92,13,5,1,4,0,0,16,162.3,10.1,60.1%
41,Mike Williams ,LAC,49,90,1001,20.4,56,17,2,1,2,0,0,15,161.3,10.8,63.2%
42,Dede Westbrook ,JAC,66,101,660,10.0,39,10,3,5,27,0,0,15,156.7,10.4,19.6%
43,Chris Conley ,JAC,47,90,775,16.5,70,13,5,0,0,0,0,16,156.5,9.8,4.0%
44,Randall Cobb ,HOU,55,83,828,15.1,59,15,3,3,11,0,1,15,154.9,10.3,10.5%
45,Golden Tate ,NYG,49,85,676,13.8,64,10,6,1,16,0,1,11,152.2,13.8,62.8%
46,Marquise Brown ,BAL,46,71,584,12.7,83,8,7,0,0,0,0,14,146.4,10.5,88.6%
47,Tyrell Williams ,LV,42,64,651,15.5,46,12,6,0,0,0,0,14,143.1,10.2,21.2%
48,Sterling Shepard ,NYG,57,83,576,10.1,36,8,3,6,72,0,0,10,141.8,14.2,76.4%
49,Danny Amendola ,DET,62,97,678,10.9,47,6,1,0,0,0,0,15,140.6,9.4,4.2%
50,Sammy Watkins ,KC,52,90,673,12.9,68,9,3,2,12,0,1,14,138.5,9.9,52.2%
51,Breshad Perriman ,NYJ,36,69,645,17.9,44,15,6,2,16,0,0,14,138.1,9.9,40.9%
52,Zach Pascal ,IND,41,72,607,14.8,37,11,5,2,16,0,0,16,135.3,8.5,4.4%
53,Will Fuller ,HOU,49,71,670,13.7,54,10,3,0,0,0,0,11,134.0,12.2,85.1%
54,Hunter Renfrow ,LV,49,71,605,12.3,65,7,4,0,0,0,0,13,133.5,10.3,35.2%
55,James Washington ,PIT,44,80,735,16.7,79,13,3,0,0,0,1,15,133.5,8.9,25.6%
56,Anthony Miller ,CHI,52,85,656,12.6,35,11,2,1,-1,0,1,16,127.5,8.0,42.4%
57,T.Y. Hilton ,IND,45,68,501,11.1,35,6,5,0,0,0,0,10,125.1,12.5,95.2%
58,Mohamed Sanu ,NE,59,89,520,8.8,28,3,2,3,11,0,0,15,124.1,8.3,5.7%
59,Alshon Jeffery ,PHI,43,73,490,11.4,38,6,4,1,2,1,0,10,122.2,12.2,45.8%
60,Kenny Stills ,HOU,40,55,561,14.0,45,9,4,0,0,0,0,13,120.1,9.2,12.9%
61,Mecole Hardman ,KC,26,41,538,20.7,83,9,6,4,17,0,2,16,119.5,7.5,57.9%
62,Brandin Cooks ,HOU,42,72,583,13.9,57,9,2,6,52,0,0,14,117.5,8.4,86.1%
63,Corey Davis ,TEN,43,69,601,14.0,38,10,2,0,0,0,0,15,115.1,7.7,8.7%
64,Adam Thielen ,MIN,30,48,418,13.9,44,8,6,4,6,1,0,10,114.4,11.4,99.2%
65,JuJu Smith-Schuster ,PIT,42,70,552,13.1,76,7,3,0,0,0,1,12,113.2,9.4,99.0%
66,Steven Sims ,WAS,34,56,310,9.1,65,2,4,9,85,1,0,16,109.5,6.8,5.2%
67,Allen Lazard ,GB,35,52,477,13.6,43,6,3,1,21,0,0,16,102.8,6.4,20.3%
68,Auden Tate ,CIN,40,80,575,14.4,33,8,1,0,0,0,1,13,101.5,7.8,2.1%
69,Demarcus Robinson ,KC,32,55,449,14.0,44,7,4,0,0,0,0,16,100.9,6.3,2.9%
70,Phillip Dorsett ,SEA,29,54,397,13.7,58,6,5,3,21,0,0,14,100.8,7.2,2.5%
71,Russell Gage ,ATL,49,74,446,9.1,19,0,1,4,12,0,1,16,98.8,6.2,4.0%
72,Kendrick Bourne ,SF,30,44,358,11.9,30,4,5,0,0,0,0,16,97.8,6.1,1.7%
73,Alex Erickson ,CIN,43,78,529,12.3,52,5,0,5,33,0,2,16,96.2,6.0,0.6%
74,Willie Snead ,BAL,31,46,339,10.9,50,4,5,2,2,0,0,16,95.1,5.9,1.8%
75,John Ross ,CIN,28,56,506,18.1,66,10,3,3,4,0,1,8,95.0,11.9,21.0%
76,Nelson Agholor ,LV,39,69,363,9.3,43,5,3,2,7,0,1,11,94.0,8.5,2.2%
77,Preston Williams ,MIA,32,60,428,13.4,35,6,3,0,0,0,1,8,90.8,11.4,57.6%
78,Taylor Gabriel ,FA,29,48,353,12.2,53,4,4,3,20,0,0,9,90.3,10.0,1.3%
79,Albert Wilson ,MIA,43,62,351,8.2,35,4,1,5,45,0,0,13,89.4,6.9,1.9%
80,Adam Humphries ,TEN,37,47,374,10.1,30,4,2,1,1,0,0,12,86.5,7.2,2.2%
81,Ted Ginn ,CHI,30,56,421,14.0,45,7,2,3,18,0,0,16,85.9,5.4,1.7%
82,Demaryius Thomas ,FA,36,58,433,12.0,47,4,1,0,0,0,0,11,85.3,7.8,0.7%
83,Marquez Valdes-Scantling ,GB,26,56,452,17.4,74,7,2,2,9,0,0,16,84.1,5.3,2.7%
84,Allen Hurns ,MIA,32,47,416,13.0,27,4,2,0,0,0,1,14,83.6,6.0,0.9%
85,Tajae Sharpe ,MIN,25,35,329,13.2,47,4,4,0,0,0,0,15,81.9,5.5,0.9%
86,Olabisi Johnson ,MIN,31,45,294,9.5,23,1,3,1,6,0,0,16,79.0,4.9,0.8%
87,Keelan Cole ,JAC,24,36,361,15.0,55,5,3,1,6,0,0,16,78.7,4.9,0.7%
88,Geronimo Allison ,DET,34,55,287,8.4,31,3,2,1,7,0,1,16,75.4,4.7,1.3%
89,Josh Gordon ,FA,27,47,426,15.8,58,8,1,1,1,0,0,11,74.7,6.8,2.8%
90,Damiere Byrd ,NE,32,46,359,11.2,58,3,1,0,0,0,1,11,71.9,6.5,0.1%
91,Tre'Quan Smith ,NO,18,25,234,13.0,32,3,5,0,0,0,0,11,71.4,6.5,2.9%
92,Kelvin Harmon ,WAS,30,44,365,12.2,30,8,0,0,0,0,0,16,66.9,4.2,2.4%
93,Cody Latimer ,WAS,24,42,300,12.5,43,4,2,0,0,0,0,15,66.0,4.4,0.1%
94,Paul Richardson Jr. ,FA,28,42,245,8.8,22,1,2,1,0,0,0,10,64.5,6.5,0.7%
95,DaeSean Hamilton ,DEN,28,52,297,10.6,28,4,1,0,0,0,0,16,63.7,4.0,1.5%
96,Isaiah McKenzie ,BUF,27,39,254,9.4,46,3,1,8,49,0,0,15,63.3,4.2,0.1%
97,Jakobi Meyers ,NE,26,41,359,13.8,35,9,0,0,0,0,0,15,61.9,4.1,1.5%
98,Josh Reynolds ,LAR,21,43,326,15.5,31,8,1,5,23,0,0,16,61.9,3.9,6.0%
99,Seth Roberts ,CAR,21,35,271,12.9,33,3,2,0,0,0,0,16,60.1,3.8,0.1%
100,Greg Ward ,PHI,28,40,254,9.1,38,1,1,1,5,0,0,7,59.9,8.6,0.8%
101,David Moore ,SEA,17,34,301,17.7,60,5,2,3,25,0,1,15,59.6,4.0,1.0%
102,Jarius Wright ,FA,28,58,296,10.6,33,3,0,1,-7,0,0,16,56.9,3.6,0.0%
103,Marcus Johnson ,IND,17,33,277,16.3,50,3,2,0,0,0,0,9,56.7,6.3,0.1%
104,Pharoh Cooper ,CAR,25,33,243,9.7,28,4,1,1,2,0,0,13,55.5,4.3,0.1%
105,Keke Coutee ,HOU,22,36,254,11.5,51,4,0,2,14,1,1,10,52.8,5.3,1.4%
106,Trey Quinn ,WAS,26,47,198,7.6,19,0,1,0,0,0,1,12,51.8,4.3,0.7%
107,Miles Boykin ,BAL,13,22,198,15.2,50,2,3,0,0,0,0,16,50.8,3.2,4.2%
108,Zay Jones ,LV,27,45,216,8.0,23,2,0,1,3,0,0,15,48.9,3.3,0.7%
109,Vyncint Smith ,NYJ,17,31,225,13.2,37,4,0,3,52,1,1,14,48.7,3.5,0.1%
110,Isaiah Ford ,MIA,23,35,244,10.6,28,2,0,1,11,0,0,9,48.5,5.4,0.1%
111,Jaron Brown ,FA,16,28,220,13.8,48,3,2,0,0,0,1,14,48.0,3.4,0.1%
112,Tavon Austin ,FA,13,24,177,13.6,59,2,1,6,47,1,0,14,47.4,3.4,0.0%
113,Bennie Fowler III ,FA,23,36,193,8.4,17,0,0,1,20,0,0,8,46.3,5.8,0.1%
114,KeeSean Johnson ,ARI,21,42,187,8.9,31,1,1,1,3,0,1,10,46.0,4.6,0.7%
115,Jakeem Grant ,MIA,19,33,164,8.6,18,0,0,4,5,1,1,10,45.9,4.6,0.8%
116,Chester Rogers ,FA,16,28,179,11.2,27,2,2,1,18,0,1,12,45.7,3.8,0.0%
117,Malik Turner ,FA,15,22,245,16.3,33,6,1,0,0,0,0,15,45.5,3.0,0.0%
118,Justin Watson ,TB,15,26,159,10.6,17,0,2,0,0,0,0,16,42.9,2.7,0.7%
119,Javon Wims ,CHI,18,39,186,10.3,37,1,1,0,0,0,0,16,42.6,2.7,0.3%
120,Scott Miller ,TB,13,26,200,15.4,48,3,1,2,16,0,0,10,40.6,4.1,1.0%
121,Jake Kumerow ,GB,12,21,219,18.3,49,3,1,0,0,0,0,14,39.9,2.9,0.3%
122,Marvin Hall ,DET,7,11,261,37.3,58,6,1,1,7,0,0,9,39.8,4.4,0.0%
123,N'Keal Harry ,NE,12,24,105,8.8,18,0,2,5,49,0,0,7,39.4,5.6,52.9%
124,Justin Hardy ,FA,19,26,195,10.3,23,2,0,0,0,0,0,16,38.5,2.4,0.0%
125,Parris Campbell ,IND,18,24,127,7.1,27,1,1,4,34,0,1,7,38.1,5.4,20.5%
126,Marquise Goodwin ,PHI,12,21,186,15.5,38,3,1,1,15,0,0,9,38.1,4.2,1.7%
127,Damion Ratley ,CLE,12,24,200,16.7,46,4,1,0,0,0,0,13,38.0,2.9,0.1%
128,Tim Patrick ,DEN,16,31,218,13.6,38,3,0,0,0,0,0,8,37.8,4.7,0.5%
129,DeSean Jackson ,PHI,9,10,159,17.7,53,2,2,0,0,0,0,3,36.9,12.3,51.7%
130,Cordarrelle Patterson ,CHI,11,17,83,7.5,33,1,0,17,103,0,0,16,35.6,2.2,0.7%
131,Andy Isabella ,ARI,9,13,189,21.0,88,2,1,4,15,0,0,15,35.4,2.4,4.4%
132,Byron Pringle ,KC,12,16,170,14.2,28,3,1,0,0,0,0,16,35.0,2.2,0.2%
133,Duke Williams ,BUF,12,19,166,13.8,41,3,1,0,0,0,0,4,34.6,8.7,0.1%
134,Dante Pettis ,SF,11,24,109,9.9,21,2,2,0,0,0,0,11,34.5,3.1,1.4%
135,Laquon Treadwell ,ATL,9,16,184,20.4,58,3,1,0,0,0,0,14,33.4,2.4,0.3%
136,J.J. Arcega-Whiteside ,PHI,10,22,169,16.9,30,4,1,0,0,0,0,16,32.9,2.1,3.6%
137,Dontrelle Inman ,FA,12,21,181,15.1,28,4,0,0,0,0,0,7,30.1,4.3,0.0%
138,Kalif Raymond ,TEN,9,12,170,18.9,52,3,1,1,-5,0,1,8,29.5,3.7,0.1%
139,Trevor Davis ,CHI,8,11,111,13.9,28,2,0,4,73,1,2,14,28.4,2.0,0.0%
140,Richie James ,SF,6,10,165,27.5,57,3,1,2,-1,0,1,16,26.4,1.7,0.1%
141,DeAndre Carter ,HOU,11,14,162,14.7,46,4,0,0,0,0,1,16,25.2,1.6,0.1%
142,Keelan Doss ,LV,11,14,133,12.1,31,1,0,0,0,0,0,8,24.3,3.0,0.1%
143,Mack Hollins ,MIA,10,23,125,12.5,20,1,0,0,0,0,0,16,22.5,1.4,0.0%
144,Devin Smith ,DAL,5,9,113,22.6,51,2,1,0,0,0,0,4,22.3,5.6,0.2%
145,Deon Cain ,PIT,9,20,124,13.8,35,3,0,0,0,0,0,13,21.4,1.6,0.2%
146,Christian Blake ,ATL,11,24,91,8.3,13,0,0,0,0,0,0,9,20.1,2.2,0.1%
147,Brandon Zylstra ,CAR,8,12,106,13.3,40,2,0,0,0,0,0,8,18.6,2.3,0.0%
148,Damion Willis ,CIN,9,16,82,9.1,17,0,0,0,0,0,0,10,17.2,1.7,0.0%
149,Antonio Callaway ,FA,8,15,89,11.1,41,1,0,0,0,0,0,5,16.9,3.4,0.2%
150,Antonio Brown ,FA,4,8,56,14.0,20,1,1,1,5,0,0,1,16.1,16.1,23.3%
151,Braxton Berrios ,NYJ,6,13,115,19.2,69,2,0,0,0,0,1,16,15.5,1.0,0.1%
152,Rashard Higgins ,CLE,4,11,55,13.8,35,1,1,0,0,0,0,10,15.5,1.6,0.7%
153,Deonte Harris ,NO,6,6,24,4.0,13,0,0,4,31,0,1,14,15.5,1.1,0.6%
154,Chris Hogan ,FA,8,15,67,8.4,13,0,0,0,0,0,0,7,14.7,2.1,0.1%
155,Marcell Ateman ,LV,5,10,116,23.2,36,3,0,0,0,0,1,11,14.6,1.3,0.0%
156,J.J. Nelson ,FA,4,5,36,9.0,29,1,1,0,0,0,0,2,13.6,6.8,0.1%
157,Riley Ridley ,CHI,6,7,69,11.5,32,1,0,0,0,0,0,5,12.9,2.6,0.9%
158,TJ Jones ,FA,3,4,38,12.7,28,1,1,0,0,0,0,3,12.8,4.3,0.0%
159,Robert Foster ,BUF,3,18,64,21.3,24,3,0,2,29,0,0,13,12.3,0.9,0.2%
160,Trent Sherfield ,ARI,4,13,80,20.0,38,2,0,0,0,0,0,16,12.0,0.8,0.0%
161,Andre Patton ,LAC,6,17,56,9.3,15,0,0,0,0,0,0,12,11.6,1.0,0.0%
162,Khadarel Hodge ,CLE,4,10,76,19.0,41,1,0,0,0,0,0,16,11.6,0.7,0.0%
163,Ryan Switzer ,PIT,8,11,27,3.4,8,0,0,0,0,0,0,9,10.7,1.2,0.1%
164,Tevin Jones ,DAL,4,10,61,15.3,28,1,0,0,0,0,0,5,10.1,2.0,0.0%
165,Cedrick Wilson ,DAL,5,8,46,9.2,14,0,0,0,0,0,0,6,9.6,1.6,0.1%
166,DeAndrew White ,CAR,4,9,51,12.8,18,0,0,0,0,0,0,10,9.1,0.9,0.0%
167,Travis Benjamin ,SF,6,16,30,5.0,13,0,0,0,0,0,0,5,9.0,1.8,0.2%
168,Chad Beebe ,MIN,2,2,70,35.0,61,1,0,0,0,0,0,3,9.0,3.0,0.1%
169,Chris Lacy ,DET,3,10,60,20.0,48,1,0,0,0,0,0,7,9.0,1.3,0.0%
170,Ventell Bryant ,DAL,1,1,15,15.0,15,0,1,0,0,0,0,12,8.5,0.7,0.1%
171,Diontae Spencer ,DEN,6,8,31,5.2,20,1,0,3,6,0,1,16,7.7,0.5,0.0%
172,Jordan Matthews ,FA,4,12,33,8.3,10,0,0,0,0,0,0,3,7.3,2.4,0.0%
173,Geremy Davis ,DET,3,3,38,12.7,19,0,0,0,0,0,0,8,6.8,0.9,0.0%
174,Deontay Burnett ,PHI,2,4,48,24.0,41,1,0,0,0,0,0,2,6.8,3.4,0.0%
175,Alexander Hollins ,MIN,2,4,46,23.0,35,1,0,0,0,0,0,5,6.6,1.3,0.0%
176,Jason Moore ,LAC,2,5,43,21.5,32,1,0,0,0,0,0,10,6.3,0.6,0.0%
177,Michael Crabtree ,FA,4,5,22,5.5,9,0,0,0,0,0,0,3,6.2,2.1,0.2%
178,Devin Funchess ,GB,3,5,32,10.7,16,0,0,0,0,0,0,1,6.2,6.2,17.1%
179,Johnny Holton ,FA,3,15,21,7.0,18,0,0,1,9,0,0,16,6.0,0.4,0.0%
180,Donte Moncrief ,FA,4,15,18,4.5,11,0,0,0,0,0,0,8,5.8,0.7,3.1%
181,Cody Core ,NYG,3,5,28,9.3,11,0,0,0,0,0,0,16,5.8,0.4,0.0%
182,Andre Roberts ,BUF,3,7,20,6.7,7,0,0,1,7,0,0,13,5.7,0.4,0.0%
183,Steven Mitchell Jr. ,HOU,2,6,37,18.5,21,1,0,0,0,0,0,4,5.7,1.4,0.0%
184,Russell Shepard ,FA,3,8,25,8.3,12,0,0,0,0,0,0,3,5.5,1.8,0.0%
185,Ishmael Hyman ,CAR,2,4,34,17.0,31,1,0,0,0,0,0,2,5.4,2.7,0.0%
186,Ryan Grant ,FA,4,9,14,3.5,9,0,0,0,0,0,0,2,5.4,2.7,0.0%
187,C.J. Board ,JAC,2,4,31,15.5,23,1,0,0,0,0,0,4,5.1,1.3,0.0%
188,Chris Moore ,BAL,3,5,21,7.0,13,0,0,1,0,0,0,14,5.1,0.4,0.0%
189,Marqise Lee ,NE,3,4,18,6.0,8,0,0,1,1,0,0,6,4.9,0.8,2.3%
190,Stanley Morgan Jr. ,CIN,3,10,18,6.0,9,0,0,0,0,0,0,11,4.8,0.4,0.0%
191,Cam Sims ,WAS,2,3,27,13.5,15,0,0,0,0,0,0,8,4.7,0.6,0.0%
192,Da'Mari Scott ,NYG,2,3,22,11.0,11,0,0,1,5,0,0,5,4.7,0.9,0.0%
193,Bobo Wilson ,FA,3,11,35,11.7,14,0,0,0,0,0,1,6,4.5,0.8,0.0%
194,Fred Brown ,DEN,2,3,21,10.5,16,0,0,0,0,0,0,13,4.1,0.3,0.0%
195,Josh Bellamy ,NYJ,2,3,20,10.0,15,0,0,0,0,0,0,7,4.0,0.6,0.0%
196,Robert Davis ,PHI,2,5,17,8.5,11,0,0,0,0,0,0,6,3.7,0.6,0.0%
197,Darius Jennings ,LAC,2,5,17,8.5,11,0,0,0,0,0,0,8,3.7,0.5,0.0%
198,Ashton Dulin ,IND,2,2,17,8.5,13,0,0,0,0,0,0,13,3.7,0.3,0.0%
199,Mike Thomas ,CIN,2,5,14,7.0,9,0,0,0,0,0,0,16,3.4,0.2,0.1%
200,Gunner Olszewski ,NE,2,4,34,17.0,29,1,0,0,0,0,1,8,3.4,0.4,0.0%
201,Cody Hollister ,TEN,2,2,13,6.5,11,0,0,0,0,0,0,5,3.3,0.7,0.0%
202,Rashard Davis ,TEN,1,1,16,16.0,16,0,0,0,0,0,0,1,2.6,2.6,0.0%
203,Jeff Smith ,NYJ,1,2,12,12.0,12,0,0,0,0,0,0,1,2.2,2.2,0.0%
204,John Ursua ,SEA,1,1,11,11.0,11,0,0,0,0,0,0,3,2.1,0.7,0.1%
205,De'Anthony Thomas ,BAL,1,2,6,6.0,6,0,0,2,5,0,0,14,2.1,0.2,0.1%
206,Austin Carr ,NO,1,4,9,9.0,9,0,0,0,0,0,0,7,1.9,0.3,0.0%
207,Dwayne Harris ,FA,1,1,7,7.0,7,0,0,0,0,0,0,3,1.7,0.6,0.0%
208,Jaleel Scott ,BAL,1,3,6,6.0,6,0,0,0,0,0,0,3,1.6,0.5,0.1%
209,Krishawn Hogan ,NO,1,1,4,4.0,4,0,0,0,0,0,0,8,1.4,0.2,0.0%
210,Cyril Grayson ,TB,1,1,3,3.0,3,0,0,0,0,0,0,2,1.3,0.7,0.0%
211,Keenan Reynolds ,FA,0,0,0,0.0,0,0,0,0,0,0,0,1,0.0,0.0,0.0%
212,Victor Bolden Jr. ,DET,0,0,0,0.0,0,0,0,0,0,0,0,1,0.0,0.0,0.0%
213,Deante Burton ,DAL,0,0,0,0.0,0,0,0,0,0,0,0,3,0.0,0.0,0.0%
214,Max McCaffrey ,FA,0,0,0,0.0,0,0,0,0,0,0,0,1,0.0,0.0,0.0%
215,Reggie Davis ,CHI,0,0,0,0.0,0,0,0,0,0,0,0,0,0.0,0.0,0.0%
216,Alonzo Russell ,FA,0,0,0,0.0,0,0,0,0,0,0,0,1,0.0,0.0,0.0%
217,Charone Peake ,FA,0,0,0,0.0,0,0,0,0,0,0,0,1,0.0,0.0,0.0%
218,River Cracraft ,FA,0,0,0,0.0,0,0,0,0,0,0,0,2,0.0,0.0,0.0%
219,Tyler Davis ,JAC,0,0,0,0.0,0,0,0,0,0,0,0,0,0.0,0.0,0.0%
220,Corey Coleman ,NYG,0,0,0,0.0,0,0,0,0,0,0,0,1,0.0,0.0,0.2%
221,Josh Doctson ,NYJ,0,0,0,0.0,0,0,0,0,0,0,0,1,0.0,0.0,0.3%
222,Lance Lenoir Jr. ,FA,0,0,0,0.0,0,0,0,0,0,0,0,1,0.0,0.0,0.0%
223,Tyler Ervin ,GB,2,4,11,5.5,6,0,0,1,10,0,0,10,0.0,0.0,0.0%
224,Ricardo Louis ,MIA,0,0,0,0.0,0,0,0,0,0,0,0,0,0.0,0.0,0.0%
225,Mose Frazier ,FA,0,0,0,0.0,0,0,0,0,0,0,0,1,0.0,0.0,0.0%
226,Leonte Carroo ,FA,0,0,0,0.0,0,0,0,0,0,0,0,1,0.0,0.0,0.0%
227,Isaac Whitney ,HOU,0,0,0,0.0,0,0,0,0,0,0,0,0,0.0,0.0,0.0%
228,Riley McCarron ,FA,0,0,0,0.0,0,0,0,0,0,0,0,1,0.0,0.0,0.0%
229,Chad Hansen ,HOU,0,0,0,0.0,0,0,0,0,0,0,0,0,0.0,0.0,0.0%
230,Amara Darboh ,PIT,0,0,0,0.0,0,0,0,0,0,0,0,0,0.0,0.0,0.0%
231,Noah Brown ,DAL,0,0,0,0.0,0,0,0,0,0,0,0,1,0.0,0.0,0.0%
232,Shelton Gibson ,PHI,0,0,0,0.0,0,0,0,0,0,0,0,0,0.0,0.0,0.0%
233,Moritz Bohringer ,CIN,0,0,0,0.0,0,0,0,0,0,0,0,0,0.0,0.0,0.0%
234,Jehu Chesson ,NYJ,0,0,0,0.0,0,0,0,0,0,0,0,1,0.0,0.0,0.0%
235,Artavis Scott ,IND,0,0,0,0.0,0,0,0,0,0,0,0,0,0.0,0.0,0.0%
236,Taywan Taylor ,CLE,0,1,0,0.0,0,0,0,0,0,0,0,4,0.0,0.0,0.1%
237,Rodney Adams ,IND,0,0,0,0.0,0,0,0,0,0,0,0,0,0.0,0.0,0.0%
238,Tommylee Lewis ,NO,0,0,0,0.0,0,0,0,0,0,0,0,0,0.0,0.0,0.0%
239,Jaydon Mickens ,TB,0,0,0,0.0,0,0,0,0,0,0,0,1,0.0,0.0,0.0%
240,JoJo Natson ,CLE,0,0,0,0.0,0,0,0,0,0,0,0,12,0.0,0.0,0.0%
241,Justin Hardee ,NO,0,1,0,0.0,0,0,0,0,0,0,0,16,0.0,0.0,20.0%
242,Chris Thompson ,SF,0,0,0,0.0,0,0,0,0,0,0,0,0,0.0,0.0,0.0%
243,Marcus Kemp ,KC,0,0,0,0.0,0,0,0,0,0,0,0,1,0.0,0.0,0.0%
244,Maurice Harris ,NO,0,0,0,0.0,0,0,0,0,0,0,0,0,0.0,0.0,0.0%
245,Keon Hatcher ,FA,0,0,0,0.0,0,0,0,0,0,0,0,1,0.0,0.0,0.0%
246,Trent Taylor ,SF,0,0,0,0.0,0,0,0,0,0,0,0,0,0.0,0.0,1.0%
247,Josh Malone ,NYJ,0,0,0,0.0,0,0,0,0,0,0,0,3,0.0,0.0,0.0%
248,Quincy Adeboyejo ,NE,0,0,0,0.0,0,0,0,0,0,0,0,0,0.0,0.0,0.0%
249,Andy Jones ,FA,0,0,0,0.0,0,0,0,0,0,0,0,1,0.0,0.0,0.0%
250,Gehrig Dieter ,KC,0,0,0,0.0,0,0,0,0,0,0,0,3,0.0,0.0,0.0%
251,Chad Williams ,IND,0,1,0,0.0,0,0,0,0,0,0,0,1,0.0,0.0,0.0%
252,Marquez Callaway ,NO,0,0,0,0.0,0,0,0,0,0,0,0,0,0.0,0.0,0.0%
253,Easop Winston Jr. ,LAR,0,0,0,0.0,0,0,0,0,0,0,0,0,0.0,0.0,0.0%
254,Van Jefferson ,LAR,0,0,0,0.0,0,0,0,0,0,0,0,0,0.0,0.0,3.6%
255,Jeff Thomas ,NE,0,0,0,0.0,0,0,0,0,0,0,0,0,0.0,0.0,0.1%
256,Joe Reed ,LAC,0,0,0,0.0,0,0,0,0,0,0,0,0,0.0,0.0,0.8%
257,Quartney Davis ,MIN,0,0,0,0.0,0,0,0,0,0,0,0,0,0.0,0.0,0.0%
258,Kalija Lipscomb ,KC,0,0,0,0.0,0,0,0,0,0,0,0,0,0.0,0.0,0.0%
259,Kendrick Rogers ,DAL,0,0,0,0.0,0,0,0,0,0,0,0,0,0.0,0.0,0.0%
260,Gabriel Davis ,BUF,0,0,0,0.0,0,0,0,0,0,0,0,0,0.0,0.0,1.3%
261,Quintez Cephus ,DET,0,0,0,0.0,0,0,0,0,0,0,0,0,0.0,0.0,1.5%
262,Isaiah Hodgins ,BUF,0,0,0,0.0,0,0,0,0,0,0,0,0,0.0,0.0,0.2%
263,James Proche ,BAL,0,0,0,0.0,0,0,0,0,0,0,0,0,0.0,0.0,0.7%
264,Denzel Mims ,NYJ,0,0,0,0.0,0,0,0,0,0,0,0,0,0.0,0.0,29.0%
265,Antonio Gandy-Golden ,WAS,0,0,0,0.0,0,0,0,0,0,0,0,0,0.0,0.0,3.5%
266,Juwan Johnson ,NO,0,0,0,0.0,0,0,0,0,0,0,0,0,0.0,0.0,0.0%
267,John Hightower ,PHI,0,0,0,0.0,0,0,0,0,0,0,0,0,0.0,0.0,0.7%
268,Austin Mack ,NYG,0,0,0,0.0,0,0,0,0,0,0,0,0,0.0,0.0,0.0%
269,Freddie Swain ,SEA,0,0,0,0.0,0,0,0,0,0,0,0,0,0.0,0.0,0.0%
270,Quez Watkins ,PHI,0,0,0,0.0,0,0,0,0,0,0,0,0,0.0,0.0,0.3%
271,K.J. Osborn ,MIN,0,0,0,0.0,0,0,0,0,0,0,0,0,0.0,0.0,0.1%
272,Aaron Parker ,DAL,0,0,0,0.0,0,0,0,0,0,0,0,0,0.0,0.0,0.0%
273,Chris Finke ,SF,0,0,0,0.0,0,0,0,0,0,0,0,0,0.0,0.0,0.0%
274,Mason Kinsey ,TEN,0,0,0,0.0,0,0,0,0,0,0,0,0,0.0,0.0,0.0%
275,Lawrence Cager ,NYJ,0,0,0,0.0,0,0,0,0,0,0,0,0,0.0,0.0,0.0%
276,Johnathon Johnson ,WAS,0,0,0,0.0,0,0,0,0,0,0,0,0,0.0,0.0,0.0%
277,Lynn Bowden Jr. ,LV,0,0,0,0.0,0,0,0,0,0,0,0,0,0.0,0.0,7.8%
278,Tyrie Cleveland ,DEN,0,0,0,0.0,0,0,0,0,0,0,0,0,0.0,0.0,0.0%
279,Trishton Jackson ,LAR,0,0,0,0.0,0,0,0,0,0,0,0,0,0.0,0.0,0.0%
280,Omar Bayless ,CAR,0,0,0,0.0,0,0,0,0,0,0,0,0,0.0,0.0,0.0%
281,Binjimen Victor ,NYG,0,0,0,0.0,0,0,0,0,0,0,0,0,0.0,0.0,0.0%
282,Ahmad Wagner ,CHI,0,0,0,0.0,0,0,0,0,0,0,0,0,0.0,0.0,0.0%
283,Isaiah Wright ,WAS,0,0,0,0.0,0,0,0,0,0,0,0,0,0.0,0.0,0.0%
284,Darrell Stewart Jr. ,GB,0,0,0,0.0,0,0,0,0,0,0,0,0,0.0,0.0,0.0%
285,Jauan Jennings ,SF,0,0,0,0.0,0,0,0,0,0,0,0,0,0.0,0.0,0.2%
286,K.J. Hill ,LAC,0,0,0,0.0,0,0,0,0,0,0,0,0,0.0,0.0,0.9%
287,Aaron Fuller ,SEA,0,0,0,0.0,0,0,0,0,0,0,0,0,0.0,0.0,0.0%
288,Dezmon Patmon ,IND,0,0,0,0.0,0,0,0,0,0,0,0,0,0.0,0.0,0.1%
289,DJ Montgomery ,CLE,0,0,0,0.0,0,0,0,0,0,0,0,0,0.0,0.0,0.0%
290,Tom Kennedy ,DET,0,0,0,0.0,0,0,0,0,0,0,0,0,0.0,0.0,0.0%
291,Thomas Ives ,CHI,0,0,0,0.0,0,0,0,0,0,0,0,0,0.0,0.0,0.0%
292,Spencer Schnell ,TB,0,0,0,0.0,0,0,0,0,0,0,0,1,0.0,0.0,0.0%
293,Alex Wesley ,CHI,0,0,0,0.0,0,0,0,0,0,0,0,0,0.0,0.0,0.0%
294,Jalen Guyton ,LAC,0,2,0,0.0,0,0,0,0,0,0,0,3,0.0,0.0,0.0%
295,Trevion Thompson ,TEN,0,0,0,0.0,0,0,0,0,0,0,0,0,0.0,0.0,0.0%
296,Donovan Peoples-Jones ,CLE,0,0,0,0.0,0,0,0,0,0,0,0,0,0.0,0.0,1.5%
297,Tee Higgins ,CIN,0,0,0,0.0,0,0,0,0,0,0,0,0,0.0,0.0,17.6%
298,Michael Pittman Jr. ,IND,0,0,0,0.0,0,0,0,0,0,0,0,0,0.0,0.0,40.8%
299,Devin Duvernay ,BAL,0,0,0,0.0,0,0,0,0,0,0,0,0,0.0,0.0,4.2%
300,KJ Hamler ,DEN,0,0,0,0.0,0,0,0,0,0,0,0,0,0.0,0.0,4.4%
301,Brandon Aiyuk ,SF,0,0,0,0.0,0,0,0,0,0,0,0,0,0.0,0.0,34.0%
302,Justin Jefferson ,MIN,0,0,0,0.0,0,0,0,0,0,0,0,0,0.0,0.0,57.5%
303,Laviska Shenault Jr. ,JAC,0,0,0,0.0,0,0,0,0,0,0,0,0,0.0,0.0,13.1%
304,Jalen Reagor ,PHI,0,0,0,0.0,0,0,0,0,0,0,0,0,0.0,0.0,53.0%
305,Henry Ruggs III ,LV,0,0,0,0.0,0,0,0,0,0,0,0,0,0.0,0.0,71.0%
306,CeeDee Lamb ,DAL,0,0,0,0.0,0,0,0,0,0,0,0,0,0.0,0.0,72.6%
307,Jerry Jeudy ,DEN,0,0,0,0.0,0,0,0,0,0,0,0,0,0.0,0.0,74.4%
308,Reggie Begelton ,GB,0,0,0,0.0,0,0,0,0,0,0,0,0,0.0,0.0,0.1%
309,Damion Jeanpiere Jr. ,CAR,0,0,0,0.0,0,0,0,0,0,0,0,0,0.0,0.0,0.0%
310,Ja'Marcus Bradley ,CLE,0,0,0,0.0,0,0,0,0,0,0,0,0,0.0,0.0,0.0%
311,Cody White ,KC,0,0,0,0.0,0,0,0,0,0,0,0,0,0.0,0.0,0.0%
312,Nsimba Webster ,LAR,0,0,0,0.0,0,0,0,0,0,0,0,5,0.0,0.0,0.0%
313,Andre Baccellia ,KC,0,0,0,0.0,0,0,0,0,0,0,0,0,0.0,0.0,0.0%
314,Devin Phelps ,ARI,0,0,0,0.0,0,0,0,0,0,0,0,0,0.0,0.0,0.0%
315,Dan Chisena ,MIN,0,0,0,0.0,0,0,0,0,0,0,0,0,0.0,0.0,0.0%
316,Justice Shelton-Mosley ,KC,0,0,0,0.0,0,0,0,0,0,0,0,0,0.0,0.0,0.0%
317,Maurice Ffrench ,KC,0,0,0,0.0,0,0,0,0,0,0,0,0,0.0,0.0,0.0%
318,Jeff Cotton ,LAC,0,0,0,0.0,0,0,0,0,0,0,0,0,0.0,0.0,0.0%
319,Dalton Schoen ,LAC,0,0,0,0.0,0,0,0,0,0,0,0,0,0.0,0.0,0.0%
320,J.J. Koski ,LAR,0,0,0,0.0,0,0,0,0,0,0,0,0,0.0,0.0,0.0%
321,Earnest Edwards ,LAR,0,0,0,0.0,0,0,0,0,0,0,0,0,0.0,0.0,0.0%
322,Brandon Polk ,LAR,0,0,0,0.0,0,0,0,0,0,0,0,0,0.0,0.0,0.0%
323,Siaosi Mariner ,LV,0,0,0,0.0,0,0,0,0,0,0,0,0,0.0,0.0,0.0%
324,Aleva Hifo ,KC,0,0,0,0.0,0,0,0,0,0,0,0,0,0.0,0.0,0.0%
325,Josh Hammond ,JAC,0,0,0,0.0,0,0,0,0,0,0,0,0,0.0,0.0,0.0%
326,De'Michael Harris ,IND,0,0,0,0.0,0,0,0,0,0,0,0,0,0.0,0.0,0.0%
327,Marvelle Ross ,JAC,0,0,0,0.0,0,0,0,0,0,0,0,0,0.0,0.0,0.0%
328,Matt Cole ,MIA,0,0,0,0.0,0,0,0,0,0,0,0,0,0.0,0.0,0.0%
329,Malcolm Perry ,MIA,0,0,0,0.0,0,0,0,0,0,0,0,0,0.0,0.0,0.1%
330,Scotty Washington ,CIN,0,0,0,0.0,0,0,0,0,0,0,0,0,0.0,0.0,0.0%
331,Isaiah Zuber ,NE,0,0,0,0.0,0,0,0,0,0,0,0,0,0.0,0.0,0.0%
332,Sean Riley ,NE,0,0,0,0.0,0,0,0,0,0,0,0,0,0.0,0.0,0.0%
333,Will Hastings ,NE,0,0,0,0.0,0,0,0,0,0,0,0,0,0.0,0.0,0.0%
334,George Campbell ,NYJ,0,0,0,0.0,0,0,0,0,0,0,0,0,0.0,0.0,0.0%
335,Darnell Mooney ,CHI,0,0,0,0.0,0,0,0,0,0,0,0,0,0.0,0.0,0.3%
336,Michael Dereus ,BAL,0,0,0,0.0,0,0,0,0,0,0,0,0,0.0,0.0,0.0%
337,Isaiah Coulter ,HOU,0,0,0,0.0,0,0,0,0,0,0,0,0,0.0,0.0,0.7%
338,Kirk Merritt ,MIA,0,0,0,0.0,0,0,0,0,0,0,0,0,0.0,0.0,0.0%
339,Nick Westbrook ,TEN,0,0,0,0.0,0,0,0,0,0,0,0,0,0.0,0.0,0.0%
340,Jaylon Moore ,BAL,0,0,0,0.0,0,0,0,0,0,0,0,0,0.0,0.0,0.0%
341,Tyler Simmons ,HOU,0,0,0,0.0,0,0,0,0,0,0,0,0,0.0,0.0,0.0%
342,Seth Dawkins ,SEA,0,0,0,0.0,0,0,0,0,0,0,0,0,0.0,0.0,0.0%
343,Josh Pearson ,TB,0,0,0,0.0,0,0,0,0,0,0,0,0,0.0,0.0,0.0%
344,JoJo Ward ,ARI,0,0,0,0.0,0,0,0,0,0,0,0,0,0.0,0.0,0.0%
345,Jermiah Braswell ,ARI,0,0,0,0.0,0,0,0,0,0,0,0,0,0.0,0.0,0.0%
346,Shane Leatherbury ,ARI,0,0,0,0.0,0,0,0,0,0,0,0,0,0.0,0.0,0.0%
347,Rashad Medaris ,ARI,0,0,0,0.0,0,0,0,0,0,0,0,0,0.0,0.0,0.0%
348,TreVontae Hights ,CAR,0,0,0,0.0,0,0,0,0,0,0,0,0,0.0,0.0,0.0%
349,Chris Rowland ,ATL,0,0,0,0.0,0,0,0,0,0,0,0,0,0.0,0.0,0.0%
350,Jalen McCleskey ,ATL,0,0,0,0.0,0,0,0,0,0,0,0,0,0.0,0.0,0.0%
351,Juwan Green ,ATL,0,0,0,0.0,0,0,0,0,0,0,0,0,0.0,0.0,0.0%
352,John Hurst ,TB,0,0,0,0.0,0,0,0,0,0,0,0,0,0.0,0.0,0.0%
353,Kyle Williams ,TEN,0,0,0,0.0,0,0,0,0,0,0,0,0,0.0,0.0,0.0%
354,Travis Jonsen ,TB,0,0,0,0.0,0,0,0,0,0,0,0,0,0.0,0.0,0.0%
355,Derrick Dillon ,NYG,0,0,0,0.0,0,0,0,0,0,0,0,0,0.0,0.0,0.0%
356,Rysen John ,NYG,0,0,0,0.0,0,0,0,0,0,0,0,0,0.0,0.0,0.0%
357,Manasseh Bailey ,PHI,0,0,0,0.0,0,0,0,0,0,0,0,0,0.0,0.0,0.0%
358,Stephen Guidry ,DAL,0,0,0,0.0,0,0,0,0,0,0,0,0,0.0,0.0,0.0%
359,Zimari Manning ,DEN,0,0,0,0.0,0,0,0,0,0,0,0,0,0.0,0.0,0.0%
360,Kendall Hinton ,DEN,0,0,0,0.0,0,0,0,0,0,0,0,0,0.0,0.0,0.0%
361,Kristian Wilkerson ,TEN,0,0,0,0.0,0,0,0,0,0,0,0,0,0.0,0.0,0.0%
362,Alex Bachman ,NYG,0,0,0,0.0,0,0,0,0,0,0,0,0,0.0,0.0,0.0%
363,Jester Weah ,WAS,0,0,0,0.0,0,0,0,0,0,0,0,1,0.0,0.0,0.0%
364,Jordan Veasy ,WAS,0,0,0,0.0,0,0,0,0,0,0,0,0,0.0,0.0,0.0%
365,Saeed Blacknall ,PIT,0,0,0,0.0,0,0,0,0,0,0,0,1,0.0,0.0,0.0%
366,Devin Ross ,NE,0,0,0,0.0,0,0,0,0,0,0,0,0,0.0,0.0,0.0%
367,Rico Gafford ,LV,2,2,66,33.0,49,1,1,0,0,0,0,4,0.0,0.0,0.0%
368,Cam Batson ,TEN,0,0,0,0.0,0,0,0,0,0,0,0,0,0.0,0.0,0.0%
369,De'Mornay Pierson-El ,LV,0,0,0,0.0,0,0,0,0,0,0,0,0,0.0,0.0,0.0%
370,Codey McElroy ,TB,1,1,30,30.0,30,1,0,0,0,0,0,1,0.0,0.0,0.0%
371,Keith Kirkwood ,CAR,0,0,0,0.0,0,0,0,0,0,0,0,1,0.0,0.0,0.0%
372,Cam Phillips ,FA,0,0,0,0.0,0,0,0,0,0,0,0,1,0.0,0.0,0.0%
373,Janarion Grant ,FA,0,0,0,0.0,0,0,0,0,0,0,0,1,0.0,0.0,0.0%
374,Devin Gray ,ATL,0,0,0,0.0,0,0,0,0,0,0,0,0,0.0,0.0,0.0%
375,Dylan Cantrell ,ARI,0,0,0,0.0,0,0,0,0,0,0,0,0,0.0,0.0,0.0%
376,Daurice Fountain ,IND,0,0,0,0.0,0,0,0,0,0,0,0,1,0.0,0.0,0.0%
377,Quadree Henderson ,PIT,0,0,0,0.0,0,0,0,0,0,0,0,0,0.0,0.0,0.0%
378,Emmanuel Butler ,NO,0,0,0,0.0,0,0,0,0,0,0,0,0,0.0,0.0,0.0%
379,Equanimeous St. Brown ,GB,0,0,0,0.0,0,0,0,0,0,0,0,1,0.0,0.0,0.8%
380,J'Mon Moore ,CLE,0,0,0,0.0,0,0,0,0,0,0,0,1,0.0,0.0,0.0%
381,Brandon Powell ,ATL,0,0,0,0.0,0,0,0,0,0,0,0,0,0.0,0.0,0.0%
382,Derrick Willies ,FA,0,0,0,0.0,0,0,0,0,0,0,0,1,0.0,0.0,0.0%
383,J.J. Jones ,FA,0,0,0,0.0,0,0,0,0,0,0,0,1,0.0,0.0,0.0%
384,Darvin Kidsy ,WAS,0,0,0,0.0,0,0,0,0,0,0,0,4,0.0,0.0,0.0%
385,Trenton Irwin ,CIN,0,0,0,0.0,0,0,0,0,0,0,0,1,0.0,0.0,0.0%
386,Nick Easley ,BUF,0,0,0,0.0,0,0,0,0,0,0,0,0,0.0,0.0,0.0%
387,Marcus Green ,PHI,0,0,0,0.0,0,0,0,0,0,0,0,0,0.0,0.0,0.0%
388,Quinton Bell ,TB,0,0,0,0.0,0,0,0,0,0,0,0,0,0.0,0.0,1.0%
389,Juwann Winfree ,DEN,0,0,0,0.0,0,0,0,0,0,0,0,3,0.0,0.0,0.0%
390,Bryan Edwards ,LV,0,0,0,0.0,0,0,0,0,0,0,0,0,0.0,0.0,3.6%
391,Tyler Johnson ,TB,0,0,0,0.0,0,0,0,0,0,0,0,0,0.0,0.0,2.7%
392,Chase Claypool ,PIT,0,0,0,0.0,0,0,0,0,0,0,0,0,0.0,0.0,7.8%
393,Dillon Mitchell ,MIN,0,0,0,0.0,0,0,0,0,0,0,0,0,0.0,0.0,0.0%
394,Antoine Wesley ,BAL,0,0,0,0.0,0,0,0,0,0,0,0,0,0.0,0.0,0.0%
395,Anthony Ratliff-Williams ,LV,0,0,0,0.0,0,0,0,0,0,0,0,0,0.0,0.0,0.0%
396,Lil'Jordan Humphrey ,NO,0,1,0,0.0,0,0,0,0,0,0,0,5,0.0,0.0,0.1%
397,Bryant Mitchell ,TB,0,0,0,0.0,0,0,0,0,0,0,0,0,0.0,0.0,0.0%
398,Stephen Carlson ,CLE,5,7,51,10.2,21,1,1,0,0,0,0,9,0.0,0.0,0.0%
399,Gary Jennings Jr. ,MIA,0,0,0,0.0,0,0,0,0,0,0,0,1,0.0,0.0,0.1%
400,Kabion Ento ,GB,0,0,0,0.0,0,0,0,0,0,0,0,0,0.0,0.0,0.0%
401,Malik Henry ,IND,0,0,0,0.0,0,0,0,0,0,0,0,0,0.0,0.0,0.0%
402,Olamide Zaccheaus ,ATL,3,5,115,38.3,93,1,1,0,0,0,0,10,0.0,0.0,0.1%
403,Malik Taylor ,GB,0,0,0,0.0,0,0,0,0,0,0,0,0,0.0,0.0,0.0%
404,Penny Hart ,SEA,0,0,0,0.0,0,0,0,0,0,0,0,0,0.0,0.0,0.0%
405,Joe Fortson ,KC,0,0,0,0.0,0,0,0,0,0,0,0,0,0.0,0.0,0.0%
406,Trinity Benson ,DEN,0,0,0,0.0,0,0,0,0,0,0,0,0,0.0,0.0,0.0%
407,Kelvin McKnight ,DEN,0,0,0,0.0,0,0,0,0,0,0,0,0,0.0,0.0,0.0%
408,Tyron Johnson ,LAC,0,0,0,0.0,0,0,0,0,0,0,0,0,0.0,0.0,0.0%
409,David Sills ,NYG,0,0,0,0.0,0,0,0,0,0,0,0,0,0.0,0.0,0.0%
410,Cody Thompson ,SEA,0,0,0,0.0,0,0,0,0,0,0,0,0,0.0,0.0,0.0%
411,Jalen Hurd ,SF,0,0,0,0.0,0,0,0,0,0,0,0,0,0.0,0.0,3.3%
412,Shawn Poindexter ,SF,0,0,0,0.0,0,0,0,0,0,0,0,0,0.0,0.0,0.0%
413,Collin Johnson ,JAC,0,0,0,0.0,0,0,0,0,0,0,0,0,0.0,0.0,0.7%
414,Anthony Johnson ,PIT,0,0,0,0.0,0,0,0,0,0,0,0,0,0.0,0.0,0.0%
415,Hakeem Butler ,ARI,0,0,0,0.0,0,0,0,0,0,0,0,0,0.0,0.0,1.9%
416,Shaq Roland ,CHI,0,0,0,0.0,0,0,0,0,0,0,0,0,0.0,0.0,0.0%
417,A.J. Richardson ,ARI,0,0,0,0.0,0,0,0,0,0,0,0,0,0.0,0.0,0.0%
418,Jon'Vea Johnson ,DAL,0,0,0,0.0,0,0,0,0,0,0,0,0,0.0,0.0,0.0%
419,Davion Davis ,MIN,0,0,0,0.0,0,0,0,0,0,0,0,2,0.0,0.0,0.0%
420,Travis Fulgham ,DET,0,3,0,0.0,0,0,0,0,0,0,0,3,0.0,0.0,0.0%
421,Johnnie Dixon ,ARI,0,0,0,0.0,0,0,0,0,0,0,0,0,0.0,0.0,0.0%
422,Emanuel Hall ,WAS,0,0,0,0.0,0,0,0,0,0,0,0,0,0.0,0.0,0.0%
423,DaMarkus Lodge ,CIN,0,0,0,0.0,0,0,0,0,0,0,0,0,0.0,0.0,0.0%
424,Terry Godwin ,JAC,0,0,0,0.0,0,0,0,0,0,0,0,0,0.0,0.0,0.0%
425,Adam Jennings ,DET,0,0,0,0.0,0,0,0,0,0,0,0,0,0.0,0.0,0.0%
426,Taj Smith ,IND,0,0,0,0.0,0,0,0,0,0,0,0,0,0.0,0.0,0.0%
427,Duke Calhoun ,NYG,0,0,0,0.0,0,0,0,0,0,0,0,0,0.0,0.0,0.0%
428,Brandon James ,IND,0,0,0,0.0,0,0,0,0,0,0,0,0,0.0,0.0,0.0%
429,Verran Tucker ,KC,0,0,0,0.0,0,0,0,0,0,0,0,0,0.0,0.0,0.0%
430,Andy Fantuz ,CHI,0,0,0,0.0,0,0,0,0,0,0,0,0,0.0,0.0,0.0%
431,A.J. Green ,CIN,0,0,0,0.0,0,0,0,0,0,0,0,1,0.0,0.0,93.2%
432,Jeremy Kerley ,FA,0,0,0,0.0,0,0,0,0,0,0,0,1,0.0,0.0,0.0%
433,Torrey Smith ,FA,0,0,0,0.0,0,0,0,0,0,0,0,1,0.0,0.0,0.0%
434,Brandon LaFell ,FA,0,0,0,0.0,0,0,0,0,0,0,0,1,0.0,0.0,0.0%
435,Chris Jackson ,TEN,0,0,0,0.0,0,0,0,0,0,0,0,0,0.0,0.0,0.2%
436,Yamon Figurs ,TEN,0,0,0,0.0,0,0,0,0,0,0,0,0,0.0,0.0,0.0%
437,Wallace Wright ,CAR,0,0,0,0.0,0,0,0,0,0,0,0,0,0.0,0.0,0.0%
438,Tyler Grisham ,PIT,0,0,0,0.0,0,0,0,0,0,0,0,0,0.0,0.0,0.0%
439,Troy Williamson ,JAC,0,0,0,0.0,0,0,0,0,0,0,0,0,0.0,0.0,0.0%
440,Torry Holt ,NE,0,0,0,0.0,0,0,0,0,0,0,0,0,0.0,0.0,0.0%
441,Todd Watkins ,NYG,0,0,0,0.0,0,0,0,0,0,0,0,0,0.0,0.0,0.0%
442,Dominique Zeigler ,SF,0,0,0,0.0,0,0,0,0,0,0,0,0,0.0,0.0,0.0%
443,Jeremy Williams ,LAC,0,0,0,0.0,0,0,0,0,0,0,0,0,0.0,0.0,0.0%
444,Onrea Jones ,CHI,0,0,0,0.0,0,0,0,0,0,0,0,0,0.0,0.0,0.0%
445,Gary Banks ,LAC,0,0,0,0.0,0,0,0,0,0,0,0,0,0.0,0.0,0.0%
446,Patrick Williams ,SEA,0,0,0,0.0,0,0,0,0,0,0,0,0,0.0,0.0,0.0%
447,Dominique Edison ,DAL,0,0,0,0.0,0,0,0,0,0,0,0,0,0.0,0.0,0.0%
448,Roydell Williams ,WAS,0,0,0,0.0,0,0,0,0,0,0,0,0,0.0,0.0,0.0%
449,Scotty McKnight ,NYJ,0,0,0,0.0,0,0,0,0,0,0,0,0,0.0,0.0,0.0%
450,Jeremy Ross ,FA,0,0,0,0.0,0,0,0,0,0,0,0,1,0.0,0.0,0.0%
451,Patrick Edwards ,DET,0,0,0,0.0,0,0,0,0,0,0,0,0,0.0,0.0,0.0%
452,Deonte Thompson ,FA,0,0,0,0.0,0,0,0,0,0,0,0,1,0.0,0.0,0.0%
453,Rod Streater ,FA,0,0,0,0.0,0,0,0,0,0,0,0,1,0.0,0.0,0.0%
454,Michael Calvin ,TEN,0,0,0,0.0,0,0,0,0,0,0,0,0,0.0,0.0,0.0%
455,Andre Holmes ,FA,0,0,0,0.0,0,0,0,0,0,0,0,1,0.0,0.0,0.0%
456,Brian Quick ,FA,0,0,0,0.0,0,0,0,0,0,0,0,1,0.0,0.0,0.0%
457,Doug Baldwin ,FA,0,0,0,0.0,0,0,0,0,0,0,0,1,0.0,0.0,0.0%
458,Chastin West ,DET,0,0,0,0.0,0,0,0,0,0,0,0,0,0.0,0.0,0.0%
459,Demario Ballard ,DET,0,0,0,0.0,0,0,0,0,0,0,0,0,0.0,0.0,0.0%
460,Emmanuel Arceneaux ,NYJ,0,0,0,0.0,0,0,0,0,0,0,0,0,0.0,0.0,0.0%
461,Kamar Aiken ,FA,0,0,0,0.0,0,0,0,0,0,0,0,1,0.0,0.0,0.0%
462,Eron Riley ,NYJ,0,0,0,0.0,0,0,0,0,0,0,0,0,0.0,0.0,0.0%
463,Glenn Martinez ,HOU,0,0,0,0.0,0,0,0,0,0,0,0,0,0.0,0.0,0.0%
464,Demetrius Williams ,CLE,0,0,0,0.0,0,0,0,0,0,0,0,0,0.0,0.0,0.0%
465,Joey Galloway ,WAS,0,0,0,0.0,0,0,0,0,0,0,0,0,0.0,0.0,0.0%
466,Javon Walker ,MIN,0,0,0,0.0,0,0,0,0,0,0,0,0,0.0,0.0,0.0%
467,Greg Lewis ,MIN,0,0,0,0.0,0,0,0,0,0,0,0,0,0.0,0.0,0.0%
468,James Jones ,FA,0,0,0,0.0,0,0,0,0,0,0,0,1,0.0,0.0,0.0%
469,Dennis Northcutt ,DET,0,0,0,0.0,0,0,0,0,0,0,0,0,0.0,0.0,0.0%
470,Deion Branch ,IND,0,0,0,0.0,0,0,0,0,0,0,0,0,0.0,0.0,0.0%
471,Brandon Marshall ,FA,0,0,0,0.0,0,0,0,0,0,0,0,1,0.0,0.0,5.0%
472,Brandon London ,PIT,0,0,0,0.0,0,0,0,0,0,0,0,0,0.0,0.0,0.0%
473,Bobby Wade ,WAS,0,0,0,0.0,0,0,0,0,0,0,0,0,0.0,0.0,0.0%
474,Bobby Engram ,CLE,0,0,0,0.0,0,0,0,0,0,0,0,0,0.0,0.0,0.0%
475,Austin Collie ,NE,0,0,0,0.0,0,0,0,0,0,0,0,0,0.0,0.0,0.0%
476,Brandon Tate ,FA,0,0,0,0.0,0,0,0,0,0,0,0,1,0.0,0.0,0.0%
477,David Tyree ,BAL,0,0,0,0.0,0,0,0,0,0,0,0,0,0.0,0.0,0.0%
478,David Patten ,NE,0,0,0,0.0,0,0,0,0,0,0,0,0,0.0,0.0,0.0%
479,Darrius Heyward-Bey ,FA,0,0,0,0.0,0,0,0,0,0,0,0,1,0.0,0.0,0.0%
480,Craig Davis ,BUF,0,0,0,0.0,0,0,0,0,0,0,0,0,0.0,0.0,0.0%
481,Chris Henry ,CIN,0,0,0,0.0,0,0,0,0,0,0,0,0,0.0,0.0,0.0%
482,Brian Clark ,DET,0,0,0,0.0,0,0,0,0,0,0,0,0,0.0,0.0,0.0%
483,John Standeford ,DET,0,0,0,0.0,0,0,0,0,0,0,0,0,0.0,0.0,0.0%
484,Reggie Williams ,SEA,0,0,0,0.0,0,0,0,0,0,0,0,0,0.0,0.0,0.0%
485,Reggie Brown ,TB,0,0,0,0.0,0,0,0,0,0,0,0,0,0.0,0.0,0.0%
486,Pierre Garcon ,FA,0,0,0,0.0,0,0,0,0,0,0,0,1,0.0,0.0,0.0%
487,Rod Harper ,PHI,0,0,0,0.0,0,0,0,0,0,0,0,0,0.0,0.0,0.0%
488,Nate Hughes ,JAC,0,0,0,0.0,0,0,0,0,0,0,0,0,0.0,0.0,0.0%
489,Muhsin Muhammad ,CAR,0,0,0,0.0,0,0,0,0,0,0,0,0,0.0,0.0,0.0%
490,Mike Wallace ,FA,0,0,0,0.0,0,0,0,0,0,0,0,1,0.0,0.0,0.0%
491,Mike Furrey ,WAS,0,0,0,0.0,0,0,0,0,0,0,0,0,0.0,0.0,0.0%
492,Sean Morey ,ARI,0,0,0,0.0,0,0,0,0,0,0,0,0,0.0,0.0,0.0%
493,Shaun McDonald ,PIT,0,0,0,0.0,0,0,0,0,0,0,0,0,0.0,0.0,0.0%
494,Sam Giguere ,NYG,0,0,0,0.0,0,0,0,0,0,0,0,0,0.0,0.0,0.0%
495,Sam Aiken ,CLE,0,0,0,0.0,0,0,0,0,0,0,0,0,0.0,0.0,0.0%
496,Lance Long ,SF,0,0,0,0.0,0,0,0,0,0,0,0,0,0.0,0.0,0.0%
497,Kenny McKinley ,DEN,0,0,0,0.0,0,0,0,0,0,0,0,0,0.0,0.0,0.0%
498,Kelley Washington ,LAC,0,0,0,0.0,0,0,0,0,0,0,0,0,0.0,0.0,0.0%
499,Justin Jenkins ,BUF,0,0,0,0.0,0,0,0,0,0,0,0,0,0.0,0.0,0.0%
500,Juaquin Iglesias ,MIN,0,0,0,0.0,0,0,0,0,0,0,0,0,0.0,0.0,0.0%
501,Josh Reed ,LAC,0,0,0,0.0,0,0,0,0,0,0,0,0,0.0,0.0,0.0%
502,Jordy Nelson ,FA,0,0,0,0.0,0,0,0,0,0,0,0,1,0.0,0.0,0.0%
503,Marko Mitchell ,MIN,0,0,0,0.0,0,0,0,0,0,0,0,0,0.0,0.0,0.0%
504,Maurice Purify ,CIN,0,0,0,0.0,0,0,0,0,0,0,0,0,0.0,0.0,0.0%
505,Matt Slater ,NE,0,0,0,0.0,0,0,0,0,0,0,0,16,0.0,0.0,0.0%
506,Marty Booker ,ATL,0,0,0,0.0,0,0,0,0,0,0,0,0,0.0,0.0,0.0%
507,Mark Jones ,TEN,0,0,0,0.0,0,0,0,0,0,0,0,0,0.0,0.0,0.0%
508,Laveranues Coles ,NYJ,0,0,0,0.0,0,0,0,0,0,0,0,0,0.0,0.0,0.0%
509,Mark Bradley ,TB,0,0,0,0.0,0,0,0,0,0,0,0,0,0.0,0.0,0.0%
510,Rashad Greene ,FA,0,0,0,0.0,0,0,0,0,0,0,0,1,0.0,0.0,0.0%
511,Freddie Martino ,FA,0,0,0,0.0,0,0,0,0,0,0,0,1,0.0,0.0,0.0%
512,Tony Jones ,FA,0,0,0,0.0,0,0,0,0,0,0,0,1,0.0,0.0,0.0%
513,Bradley Marquez ,FA,0,0,0,0.0,0,0,0,0,0,0,0,1,0.0,0.0,0.0%
514,Eli Rogers ,FA,0,0,0,0.0,0,0,0,0,0,0,0,1,0.0,0.0,0.0%
515,Kaelin Clay ,FA,0,0,0,0.0,0,0,0,0,0,0,0,1,0.0,0.0,0.0%
516,Martavis Bryant ,FA,0,0,0,0.0,0,0,0,0,0,0,0,1,0.0,0.0,0.1%
517,Kelvin Benjamin ,FA,0,0,0,0.0,0,0,0,0,0,0,0,1,0.0,0.0,0.1%
518,Terrance Williams ,FA,0,0,0,0.0,0,0,0,0,0,0,0,1,0.0,0.0,0.0%
519,Justin Hunter ,FA,0,0,0,0.0,0,0,0,0,0,0,0,1,0.0,0.0,0.0%
520,Markus Wheaton ,FA,0,0,0,0.0,0,0,0,0,0,0,0,1,0.0,0.0,0.0%
521,Michael Walker ,JAC,2,3,15,7.5,9,0,0,0,0,0,2,7,-0.5,-0.1,0.0%
522,Darrius Shepherd ,GB,1,2,1,1.0,1,0,0,0,0,0,1,6,-0.9,-0.2,0.0%
523,Quincy Enunwa ,NYJ,1,3,-4,-4.0,8,0,0,0,0,0,1,1,-1.4,-1.4,0.7%
524,Greg Dortch ,LAR,0,0,0,0.0,0,0,0,0,0,0,1,2,-2.0,-1.0,0.0%
525,Ray-Ray McCloud ,BUF,0,0,0,0.0,0,0,0,0,0,0,1,6,-2.0,-0.3,0.1%
